id,runName,sourceRun,timestamp,authorId,statusId,statusLabel,instant,type,operations,credits,transfer,duration,executionDetailLink,sourceRunLink
4cf8116eb4c145a3b20d4c3e10e919be,,,2026-08-12T08:04:37+10:00,,1,success,true,auto,10,10.00,734929,51167,https://eu2.make.com/1569833/scenarios/9613221/logs/4cf8116eb4c145a3b20d4c3e10e919be,
108a8ebde13b4c56b84ea4394bb1887a,,,2026-08-10T18:12:05+10:00,,1,success,true,auto,10,10.00,703309,45526,https://eu2.make.com/1569833/scenarios/9613221/logs/108a8ebde13b4c56b84ea4394bb1887a,
0dbc8d720f1a45399ed1a0ea5d57c47d,,,2026-08-10T18:01:11+10:00,,1,success,true,auto,10,10.00,687548,45232,https://eu2.make.com/1569833/scenarios/9613221/logs/0dbc8d720f1a45399ed1a0ea5d57c47d,
892a238d2dd74eb39aa53b141448483f,,,2026-08-10T01:07:21+10:00,,1,success,true,auto,10,10.00,679006,37063,https://eu2.make.com/1569833/scenarios/9613221/logs/892a238d2dd74eb39aa53b141448483f,
0e6c5b5711e244d5bf9353b332fe9473,,,2026-08-09T18:41:33+10:00,,1,success,true,auto,10,10.00,682681,35275,https://eu2.make.com/1569833/scenarios/9613221/logs/0e6c5b5711e244d5bf9353b332fe9473,
ac9224a964d84b4bb64acc92e85bd9fd,,,2026-08-08T13:13:53+10:00,,1,success,true,auto,10,10.00,685780,38606,https://eu2.make.com/1569833/scenarios/9613221/logs/ac9224a964d84b4bb64acc92e85bd9fd,
feb1ece46c8f40faa7e33ba1786a5300,,,2026-08-07T18:21:08+10:00,,1,success,true,auto,10,10.00,687077,48115,https://eu2.make.com/1569833/scenarios/9613221/logs/feb1ece46c8f40faa7e33ba1786a5300,
e7e81931a9ba443894be9d55730c29c4,,,2026-08-07T16:15:17+10:00,,1,success,true,auto,10,10.00,762563,67654,https://eu2.make.com/1569833/scenarios/9613221/logs/e7e81931a9ba443894be9d55730c29c4,
335d2ca15958473a9d94f92267feb712,,,2026-08-07T16:13:50+10:00,,3,error,true,auto,4,4.00,263459,21784,https://eu2.make.com/1569833/scenarios/9613221/logs/335d2ca15958473a9d94f92267feb712,
a68e051aff8142368c34c6294b168a93,,,2026-08-07T15:33:14+10:00,,1,success,true,auto,10,10.00,712284,53133,https://eu2.make.com/1569833/scenarios/9613221/logs/a68e051aff8142368c34c6294b168a93,
2fbe5f45a6ac4d13a4f0cd48be67125b,,,2026-08-07T15:22:35+10:00,,1,success,true,auto,10,10.00,694126,38332,https://eu2.make.com/1569833/scenarios/9613221/logs/2fbe5f45a6ac4d13a4f0cd48be67125b,
715f5d671ba44b5780458e12d6719370,,,2026-08-07T15:20:23+10:00,,3,error,true,auto,4,4.00,256559,68045,https://eu2.make.com/1569833/scenarios/9613221/logs/715f5d671ba44b5780458e12d6719370,
c3fabed157d4478191953d3fcad23536,,,2026-08-07T14:31:01+10:00,,1,success,true,auto,10,10.00,700859,50093,https://eu2.make.com/1569833/scenarios/9613221/logs/c3fabed157d4478191953d3fcad23536,
5287a1fa5b4a42c78501b8e49b92f8ab,,,2026-08-07T14:21:24+10:00,,1,success,true,auto,10,10.00,703487,44312,https://eu2.make.com/1569833/scenarios/9613221/logs/5287a1fa5b4a42c78501b8e49b92f8ab,
0d0fbbaeabba43b085fb99e9d7581dfb,,,2026-08-07T14:16:03+10:00,3602994,1,success,true,manual,10,10.00,681753,35401,https://eu2.make.com/1569833/scenarios/9613221/logs/0d0fbbaeabba43b085fb99e9d7581dfb,
c767ac2002d042399f3cbc3f6507439a,,,2026-08-07T12:24:47+10:00,,3,error,true,auto,4,4.00,252813,5181,https://eu2.make.com/1569833/scenarios/9613221/logs/c767ac2002d042399f3cbc3f6507439a,
395009c3e4e04b1a902f802177c8e3e5,,,2026-08-07T11:28:56+10:00,,1,success,true,auto,10,10.00,704407,41847,https://eu2.make.com/1569833/scenarios/9613221/logs/395009c3e4e04b1a902f802177c8e3e5,
d7396f6d38314773947af793f14efdb3,,,2026-08-07T10:29:20+10:00,,1,success,true,auto,10,10.00,682490,36202,https://eu2.make.com/1569833/scenarios/9613221/logs/d7396f6d38314773947af793f14efdb3,
1c2b72e32de64088b2b0b27752ae04fe,,,2026-08-07T10:28:01+10:00,,3,error,true,auto,4,4.00,255965,15569,https://eu2.make.com/1569833/scenarios/9613221/logs/1c2b72e32de64088b2b0b27752ae04fe,
f8db2ce4d4b7403f9b82145b738e1d08,,,2026-08-07T10:27:51+10:00,,1,success,true,auto,10,10.00,686332,45511,https://eu2.make.com/1569833/scenarios/9613221/logs/f8db2ce4d4b7403f9b82145b738e1d08,
ab6bd99f9d2847a587e6ae85f9b2db49,,,2026-08-07T06:42:26+10:00,,1,success,true,auto,10,10.00,686817,43814,https://eu2.make.com/1569833/scenarios/9613221/logs/ab6bd99f9d2847a587e6ae85f9b2db49,
cafa2bac7bd84ce18838db959f55172d,,,2026-08-07T06:16:25+10:00,,1,success,true,auto,10,10.00,691176,39600,https://eu2.make.com/1569833/scenarios/9613221/logs/cafa2bac7bd84ce18838db959f55172d,
261f66f880bb4f80921941c932b6e55f,,,2026-08-07T06:11:56+10:00,,1,success,true,auto,10,10.00,695667,41894,https://eu2.make.com/1569833/scenarios/9613221/logs/261f66f880bb4f80921941c932b6e55f,
c16a3617f87e477888da9593c60197ca,,,2026-08-07T05:15:47+10:00,,1,success,true,auto,10,10.00,683637,41997,https://eu2.make.com/1569833/scenarios/9613221/logs/c16a3617f87e477888da9593c60197ca,
ba6012da0df5455db0e1905b624d3721,,,2026-08-07T05:15:47+10:00,,3,error,true,auto,4,4.00,252813,3394,https://eu2.make.com/1569833/scenarios/9613221/logs/ba6012da0df5455db0e1905b624d3721,
1b0762a0ebf54d1099e76fc34af53618,,,2026-08-07T05:15:47+10:00,,3,error,true,auto,4,4.00,252813,2874,https://eu2.make.com/1569833/scenarios/9613221/logs/1b0762a0ebf54d1099e76fc34af53618,
27c77390a4bc43dd9caf30b21c3ec101,,,2026-08-07T05:15:47+10:00,,3,error,true,auto,4,4.00,252819,2665,https://eu2.make.com/1569833/scenarios/9613221/logs/27c77390a4bc43dd9caf30b21c3ec101,
ec9e1198eb9b4e73b6118d6e4a27f797,,,2026-08-06T23:56:14+10:00,,3,error,true,auto,4,4.00,252819,4511,https://eu2.make.com/1569833/scenarios/9613221/logs/ec9e1198eb9b4e73b6118d6e4a27f797,
996f06bceacf4171a8fd18275867dc55,,,2026-08-06T12:30:42+10:00,,1,success,true,auto,10,10.00,687707,35099,https://eu2.make.com/1569833/scenarios/9613221/logs/996f06bceacf4171a8fd18275867dc55,
718300dd8a674e40a7da47d93eca727d,,,2026-08-06T09:51:50+10:00,,1,success,true,auto,10,10.00,679227,39738,https://eu2.make.com/1569833/scenarios/9613221/logs/718300dd8a674e40a7da47d93eca727d,
88257af21b2b4c6a9162216430255ae1,,,2026-08-06T07:08:33+10:00,3602994,1,success,true,manual,10,10.00,676326,40317,https://eu2.make.com/1569833/scenarios/9613221/logs/88257af21b2b4c6a9162216430255ae1,
403672a0cfda49769e9e5597e6e12e37,,,2026-08-06T07:05:40+10:00,3602994,1,success,false,manual,10,10.00,671484,43080,https://eu2.make.com/1569833/scenarios/9613221/logs/403672a0cfda49769e9e5597e6e12e37,
a0f8321b23584c68bd97919c5aff2f66,,,2026-08-04T06:53:06+10:00,3602994,1,success,true,manual,10,10.00,693939,40144,https://eu2.make.com/1569833/scenarios/9613221/logs/a0f8321b23584c68bd97919c5aff2f66,
